<?xml version="1.0" encoding="UTF-8"?>
<!-- #######################################################################   RESOURCES.XML   #####################################################################################-->
<!-- ######################### Resources XML file lists all assets available and provide meta-data about these assets (like path or licensing information) #########################-->
<!-- ######################### Assets names need to be unique.                                                                                             #########################-->
<!-- ######################### NOTE: Assets resolution (optional attribute) can be any combination of 'low', 'medium' and 'high':                          #########################-->
<!-- ######################### 		For example: Resolutions="high;medium" or "low;medium;high"                                                            #########################-->
<!-- ################################################################################################################################################################################-->
<Resources>
	<icon Name="icon" Resolutions="low;medium;high" License="CC0 1.0">icon.medium.png</icon>
	<Assets>
		<!-- MUSICS -->
		<music	Name="DefaultMusic" License="CC0 1.0">Blank.mp3</music>
		<music	Name="GameMusicKnight"
				CreditsText="'Crunk Knight' by Kevin MacLeod (incompetech.com)"
				License="CCby 3.0">CrunkKnight.mp3</music>
		<!--<music 	Name="GameMusicTrailer"
				CreditsText="'Exciting trailer' by Kevin MacLeod (incompetech.com)"
				License="CCby 3.0">ExcitingTrailer.mp3</music>
		<music 	Name="GameMusicRapture"
				License="CCby 3.0" 
				CreditsText="'Rapture', by Ross Bugden with FL Studio and Symphonic Orchestra (https://www.youtube.com/channel/UCQKGLOK2FqmVgVwYferltKQ)">Rapture.mp3</music>-->
		<music 	Name="MenuMusicHeroic"
				CreditsText="'Heroic Age', by Kevin MacLeod (incompetech.com)"
				License="CCby 3.0">HeroicAge.mp3</music>
		<music 	Name="CreditsMusic"
				CreditsText="'Hall of the Mountain King' by Kevin MacLeod (incompetech.com)"
				License="CCby 3.0">HallOfTheMountainKing.mp3</music>
		
		<!-- SOUNDS -->
		<!--<sound	Name="DefaultSound" License="CC0 1.0">blank.wav</sound>
		<sound	Name="ArrowWooshSound"
				CreditsText="Arrow whoosh sound made by smcameron (http://www.freesound.org/people/smcameron)"
				License="CCby 3.0">arrowWhoosh.ogg</sound>
		<sound	Name="VolcanoBackgroundSound"
				CreditsText="Volcano background sound made by ItsaWaB (http://www.freesound.org/people/ItsaWaB/)"
				License="CC0 1.0">lowFrequencyLayer.wav</sound>
		<sound	Name="VolcanoBackgroundSound2"
				CreditsText="Volcano background sound made by pushtobreak (http://www.freesound.org/people/pushtobreak/)"
				License="CCby 3.0">earthLowFrequency4.wav</sound>
		<sound	Name="ScreamSound"
				CreditsText="Scream sound made by LittleRobotSoundFactory (http://www.freesound.org/people/LittleRobotSoundFactory/)"
				License="CCby 3.0">scream.wav</sound>-->

		<!-- SHADERS -->
		<shader Name="MenuRaysShader" License="CC0 1.0" VertexShaderFileName="vertex.glsl">rotatingRays.glsl</shader>
		<shader Name="GameRaysShader" License="CC0 1.0" VertexShaderFileName="vertex.glsl">rotatingRays2.glsl</shader>
		<shader Name="Lava2Shader" License="CCby 3.0" CreditsText="Lava fragment shader from nimitz (https://www.shadertoy.com/user/nimitz)" VertexShaderFileName="vertex.glsl">lava2.glsl</shader>
		<shader Name="BloomShader" License="CCby 3.0" CreditsText="Bloom fragment shader from mAlk (https://www.shadertoy.com/user/mAlk" VertexShaderFileName="vertex.glsl">bloom.glsl</shader>
		
		<!-- TEXTURES -->
		<texture Name="DefaultTexture" License="CC0 1.0">defaultTexture.png</texture>
		<texture Name="CreditsStoneTexture" License="CC0 1.0">creditsStone.png</texture>
		<texture Name="BackgroundTexture" License="CC0 1.0">background.png</texture>
		<texture Name="RandomNoiseTexture" License="CC0 1.0">randomNoise.png</texture>
		<texture Name="RempartsMiddeTexture" License="CC0 1.0">rempartsMidde.png</texture>
		<texture Name="TourDepartTexture" License="CC0 1.0">tourdepart.png</texture>
		<!--<texture Name="OpenSourceLogoTexture" License="CCby 4.0" CreditsText="Open source logo by Open Source Initiative (http://opensource.org/)">openSourceInitiative.png</texture>-->
		<texture Name="MainLogoTexture" License="CC0 1.0">mainLogo.png</texture>
		<texture Name="INSALyonLogoTexture" License="CTM" CreditsText="INSA Lyon logo is a trademark subject to copyright. (http://www.insa-lyon.fr/)">LogoINSALyon.png</texture>
		<texture Name="MenuBackgroundTexture" License="CC0 1.0">MenuBackground.png</texture>
		<texture Name="ScorePanel" License="CCO 1.0">parchemin.png</texture>
		<!-- Pause button -->
		<!--<texture Name="PauseNormalTexture" License="CC0 1.0">buttons/pauseNormal.png</texture>
		<texture Name="PauseOverTexture" License="CC0 1.0">buttons/pauseOver.png</texture>
		<texture Name="PausePressedTexture" License="CC0 1.0">buttons/pausePressed.png</texture>-->
		<!-- Menu button -->		
		<texture Name="MenuNormalTexture" License="CC0 1.0">buttons/menuNormal.png</texture>
		<texture Name="MenuOverTexture" License="CC0 1.0">buttons/menuOver.png</texture>
		<texture Name="MenuPressedTexture" License="CC0 1.0">buttons/menuPressed.png</texture>
		<!-- Sound button -->		
		<texture Name="Sound3NormalTexture" License="CC0 1.0">buttons/Sound3Normal.png</texture>
		<texture Name="Sound3OverTexture" License="CC0 1.0">buttons/Sound3Over.png</texture>
		<texture Name="Sound3PressedTexture" License="CC0 1.0">buttons/Sound3Pressed.png</texture>
		<!--<texture Name="Sound2NormalTexture" License="CC0 1.0">buttons/Sound2Normal.png</texture>
		<texture Name="Sound2OverTexture" License="CC0 1.0">buttons/Sound2Over.png</texture>
		<texture Name="Sound2PressedTexture" License="CC0 1.0">buttons/Sound2Pressed.png</texture>
		<texture Name="Sound1NormalTexture" License="CC0 1.0">buttons/Sound1Normal.png</texture>
		<texture Name="Sound1OverTexture" License="CC0 1.0">buttons/Sound1Over.png</texture>
		<texture Name="Sound1PressedTexture" License="CC0 1.0">buttons/Sound1Pressed.png</texture>
		<texture Name="Sound0NormalTexture" License="CC0 1.0">buttons/Sound0Normal.png</texture>
		<texture Name="Sound0OverTexture" License="CC0 1.0">buttons/Sound0Over.png</texture>
		<texture Name="Sound0PressedTexture" License="CC0 1.0">buttons/Sound0Pressed.png</texture>-->
		<!-- Credits button -->		
		<texture Name="CreditsNormalTexture" License="CC0 1.0">buttons/CreditsNormal.png</texture>
		<texture Name="CreditsOverTexture" License="CC0 1.0">buttons/CreditsOver.png</texture>
		<texture Name="CreditsPressedTexture" License="CC0 1.0">buttons/CreditsPressed.png</texture>
		<!-- Play button -->		
		<texture Name="PlayNormalTexture" License="CC0 1.0">buttons/PlayNormal.png</texture>
		<texture Name="PlayOverTexture" License="CC0 1.0">buttons/PlayOver.png</texture>
		<texture Name="PlayPressedTexture" License="CC0 1.0">buttons/PlayPressed.png</texture>
		<!-- Play again button -->
		<!--<texture Name="PlayAgainNormalTexture" License="CC0 1.0">buttons/PlayAgainNormal.png</texture>
		<texture Name="PlayAgainOverTexture" License="CC0 1.0">buttons/PlayAgainOver.png</texture>
		<texture Name="PlayAgainPressedTexture" License="CC0 1.0">buttons/PlayAgainPressed.png</texture>-->
		<!-- Quit button -->
		<texture Name="QuitNormalTexture" License="CC0 1.0">buttons/QuitNormal.png</texture>
		<texture Name="QuitOverTexture" License="CC0 1.0">buttons/QuitOver.png</texture>
		<texture Name="QuitPressedTexture" License="CC0 1.0">buttons/QuitPressed.png</texture>
		
		<!-- Segments -->
		<texture Name="SegmentCastle1Texture" License="CC0 1.0">segments/SegmentCastle1.png</texture>
		<texture Name="SegmentCastle2Texture" License="CC0 1.0">segments/SegmentCastle2.png</texture>
		<texture Name="SegmentCastle3Texture" License="CC0 1.0">segments/SegmentCastle3.png</texture>
		<texture Name="SegmentGround1Texture" License="CC0 1.0">segments/SegmentGround1.png</texture>
		<texture Name="SegmentGround2Texture" License="CC0 1.0">segments/SegmentGround2.png</texture>
		<texture Name="SegmentGround3Texture" License="CC0 1.0">segments/SegmentGround3.png</texture>
		<texture Name="SegmentFallingStairsTexture" License="CC0 1.0">segments/SegmentFallingStairs.png</texture>
		<texture Name="SegmentClimbingStairsTexture" License="CC0 1.0">segments/SegmentClimbingStairs.png</texture>
		<!-- Obstacles -->
		<texture Name="ArrowVObstacleTexture" License="CC0 1.0">obstacles/projectile_flecheV.png</texture>
		<texture Name="ArrowHObstacleTexture" License="CC0 1.0">obstacles/projectile_flecheH.png</texture>
		<texture Name="StoneObstacleTexture" License="CC0 1.0">obstacles/projectile_pierre.png</texture>
		<texture Name="PieuObstacleTexture" License="CC0 1.0">obstacles/projectile_pieu.png</texture>
		
		<!-- FONTS -->
		<font Name="XoloniumFont" License="GNU GPL 3.0">Xolonium-Regular.otf</font>
		
		<!-- MODELS -->
		<model Name="KnightModel" License="CCby 3.0" CreditsText="'SNES-Style Knight' model by SecondBake (http://www.blendswap.com/blends/view/67701)">knight.g3db</model>
		
		<!-- Box2D bodies -->
		<bodyEditorDAL Name="BodiesDAL" License="CC0 1.0">bodies.json</bodyEditorDAL>
	</Assets>
	
	<!-- LICENSES USED BY ASSETS -->
	<Licenses>
		<License Name="CCby 4.0">Creative Commons Attribution 4.0 International License. (http://creativecommons.org/licenses/by/4.0/)</License>
		<License Name="CCby 3.0">Creative Commons Attribution-NonCommercial-ShareAlike 3.0 Unported License. (http://creativecommons.org/licenses/by/3.0/)</License>
		<License Name="CC0 1.0">CC0 1.0 Universal Public Domain Dedication (https://creativecommons.org/publicdomain/zero/1.0/)</License>
		<License Name="CCTM">In France, its availability is authorized within the limits of the rights granted by Article L713-6 paragraph b (http://www.legifrance.gouv.fr/affichCodeArticle.do;jsessionid=BE5CC4D47D73FC59871198E99A0BA8B7.tpdjo04v_1?idArticle=LEGIARTI000006279714&amp;cidTexte=LEGITEXT000006069414&amp;dateTexte=20130906) of the Code of intellectual property and is reproduced here under these rights. In the United States of America, the use of this asset is supported as fair use within the legal framework defined by the fair use (http://fr.wikipedia.org/wiki/Fair_use) . However, such legal permission may not exist in all countries.</License>
		<License Name="GNU GPL 3.0">GNU General Public License v3.0</License>
	</Licenses>
</Resources>
